"","individual","closeness","degree","betweenness","cohort","year","age","trip","type","density"
"1","250",0.25,2,0,2010,2018,8,8,2,0.666666666666667
"2","332",0.2,1,0,2012,2018,6,8,2,0.666666666666667
"3","609",0.333333333333333,3,2,2014,2018,4,8,2,0.666666666666667
"4","639",0.25,2,0,2014,2018,4,8,2,0.666666666666667
